{
  "type": "LSTMTimeStep",
  "options": {
    "inputSize": 1,
    "hiddenSizes": [
      20
    ],
    "outputSize": 1,
    "learningRate": 0.01,
    "decayRate": 0.999,
    "smoothEps": 1e-8,
    "regc": 0.000001,
    "clipval": 5,
    "json": null,
    "dataFormatter": null
  },
  "input": {
    "rows": 1,
    "columns": 1,
    "weights": {
      "0": -0.020879779011011124
    }
  },
  "hiddenLayers": [
    {
      "weight": {
        "rows": 20,
        "columns": 1,
        "weights": {
          "0": 0.009393738582730293,
          "1": 0.027327366173267365,
          "2": 0.029322411864995956,
          "3": 0.07655429095029831,
          "4": 0.06177378073334694,
          "5": 0.06714337319135666,
          "6": -0.019885828718543053,
          "7": -0.022884152829647064,
          "8": 0.019743243232369423,
          "9": 0.0016743263695389032,
          "10": 0.07852616161108017,
          "11": -0.04199175909161568,
          "12": 0.030990207567811012,
          "13": 0.0001849073451012373,
          "14": 0.06380774080753326,
          "15": -0.0024005055893212557,
          "16": 0.004236049018800259,
          "17": -0.06737756729125977,
          "18": -0.06333628296852112,
          "19": -0.027591556310653687
        }
      },
      "transition": {
        "rows": 20,
        "columns": 20,
        "weights": {
          "0": -0.055399782955646515,
          "1": 0.04097604379057884,
          "2": 0.03760959208011627,
          "3": 0.019866596907377243,
          "4": -0.019894836470484734,
          "5": -0.04728180170059204,
          "6": -0.010013663209974766,
          "7": -0.05875638127326965,
          "8": -0.0004556051571853459,
          "9": -0.07344506680965424,
          "10": -0.017308836802840233,
          "11": 0.009632332250475883,
          "12": -0.07183603197336197,
          "13": -0.03559394180774689,
          "14": 0.0434534065425396,
          "15": 0.05682183802127838,
          "16": -0.03351679816842079,
          "17": 0.01657419465482235,
          "18": 0.008212451823055744,
          "19": 0.011401698924601078,
          "20": 0.047564465552568436,
          "21": 0.078957699239254,
          "22": -0.07564593851566315,
          "23": 0.036488261073827744,
          "24": -0.05332823470234871,
          "25": 0.008525021374225616,
          "26": 0.044446058571338654,
          "27": 0.028975605964660645,
          "28": -0.02107216604053974,
          "29": 0.004040170460939407,
          "30": 0.06524916738271713,
          "31": -0.05839250236749649,
          "32": 0.04153938591480255,
          "33": -0.04163454845547676,
          "34": -0.006636610254645348,
          "35": 0.027276311069726944,
          "36": 0.015172400511801243,
          "37": -0.007738374639302492,
          "38": -0.049022067338228226,
          "39": 0.05330264940857887,
          "40": 0.0480041578412056,
          "41": 0.06624549627304077,
          "42": 0.07359334081411362,
          "43": 0.07642928510904312,
          "44": -0.022214101627469063,
          "45": 0.06312839686870575,
          "46": -0.05943765863776207,
          "47": 0.01332014799118042,
          "48": 0.07126812636852264,
          "49": -0.007946791127324104,
          "50": -0.04177034646272659,
          "51": -0.07053938508033752,
          "52": 0.05874413624405861,
          "53": 0.0646669790148735,
          "54": 0.07218252122402191,
          "55": 0.013062281534075737,
          "56": -0.05435391515493393,
          "57": 0.017201948910951614,
          "58": 0.06889794766902924,
          "59": 0.0592244528234005,
          "60": 0.039413418620824814,
          "61": -0.06685096770524979,
          "62": 0.014870703220367432,
          "63": 0.015049485489726067,
          "64": -0.05784321576356888,
          "65": -0.07007739692926407,
          "66": -0.030206261202692986,
          "67": -0.018153490498661995,
          "68": 0.04918396472930908,
          "69": 0.07749579101800919,
          "70": -0.011911856941878796,
          "71": 0.06765527278184891,
          "72": -0.033700041472911835,
          "73": 0.015100378543138504,
          "74": -0.05037631839513779,
          "75": -0.06312523037195206,
          "76": 0.03297565132379532,
          "77": 0.027955487370491028,
          "78": -0.0290111992508173,
          "79": -0.06451232731342316,
          "80": -0.04420125111937523,
          "81": -0.05805634334683418,
          "82": -0.019379353150725365,
          "83": 0.05152680352330208,
          "84": -0.04388460889458656,
          "85": 0.030657630413770676,
          "86": -0.037204012274742126,
          "87": -0.06760334968566895,
          "88": 0.03410923108458519,
          "89": 0.02656432054936886,
          "90": 0.005074316635727882,
          "91": -0.05289025232195854,
          "92": -0.07096770405769348,
          "93": -0.006880674045532942,
          "94": 0.030029421672225,
          "95": -0.015583530068397522,
          "96": 0.06855509430170059,
          "97": -0.006114156451076269,
          "98": 0.05784004554152489,
          "99": 0.0732327550649643,
          "100": 0.0556965135037899,
          "101": 0.04083126410841942,
          "102": 0.03314157947897911,
          "103": 0.020476242527365685,
          "104": -0.029893673956394196,
          "105": 0.03189734369516373,
          "106": -0.0010277085239067674,
          "107": -0.05954685062170029,
          "108": 0.020536286756396294,
          "109": -0.003823205130174756,
          "110": -0.07592608779668808,
          "111": -0.024984855204820633,
          "112": 0.014504149556159973,
          "113": 0.02910536155104637,
          "114": 0.022099466994404793,
          "115": 0.000019939263438573107,
          "116": 0.012955312617123127,
          "117": -0.07016558200120926,
          "118": 0.02238030917942524,
          "119": 0.046068038791418076,
          "120": -0.06317557394504547,
          "121": -0.044893719255924225,
          "122": -0.022242551669478416,
          "123": 0.01032846700400114,
          "124": 0.014178255572915077,
          "125": 0.044706180691719055,
          "126": -0.06829405575990677,
          "127": 0.030874107033014297,
          "128": 0.06412392109632492,
          "129": -0.01276585552841425,
          "130": -0.05987548828125,
          "131": 0.0741828978061676,
          "132": 0.05102315545082092,
          "133": -0.002129803877323866,
          "134": -0.0017680092714726925,
          "135": 0.07551264017820358,
          "136": -0.07878753542900085,
          "137": 0.07596179842948914,
          "138": 0.07851783186197281,
          "139": 0.04351246729493141,
          "140": 0.06960868090391159,
          "141": 0.04481399431824684,
          "142": 0.0543375238776207,
          "143": 0.06650789082050323,
          "144": 0.0768967792391777,
          "145": -0.014345736242830753,
          "146": 0.05872339382767677,
          "147": -0.07567720860242844,
          "148": 0.06826277077198029,
          "149": -0.03954395279288292,
          "150": 0.007072323001921177,
          "151": 0.05632489547133446,
          "152": -0.04168546572327614,
          "153": -0.001755732810124755,
          "154": 0.0658048540353775,
          "155": 0.025405554100871086,
          "156": 0.07325655966997147,
          "157": -0.008916339837014675,
          "158": 0.02755470760166645,
          "159": 0.040738970041275024,
          "160": 0.03684568032622337,
          "161": -0.07278740406036377,
          "162": -0.07935947924852371,
          "163": 0.04791268706321716,
          "164": 0.01615341752767563,
          "165": -0.025435691699385643,
          "166": -0.02708112634718418,
          "167": 0.040547169744968414,
          "168": 0.0484653115272522,
          "169": 0.0664670318365097,
          "170": -0.0541001558303833,
          "171": -0.0014912944752722979,
          "172": 0.07158245891332626,
          "173": 0.03387508913874626,