{
  "type": "LSTMTimeStep",
  "options": {
    "inputSize": 1,
    "hiddenSizes": [
      20
    ],
    "outputSize": 1,
    "learningRate": 0.01,
    "decayRate": 0.999,
    "smoothEps": 1e-8,
    "regc": 0.000001,
    "clipval": 5,
    "json": null,
    "dataFormatter": null
  },
  "input": {
    "rows": 1,
    "columns": 1,
    "weights": {
      "0": 0.026483992114663124
    }
  },
  "hiddenLayers": [
    {
      "weight": {
        "rows": 20,
        "columns": 1,
        "weights": {
          "0": 0.0032659703865647316,
          "1": 0.0631912499666214,
          "2": 0.050354909151792526,
          "3": -0.011087180115282536,
          "4": 0.025768684223294258,
          "5": 0.07751940935850143,
          "6": -0.013334947638213634,
          "7": 0.009361019358038902,
          "8": -0.0015678652562201023,
          "9": -0.021866964176297188,
          "10": 0.030272800475358963,
          "11": -0.07300692051649094,
          "12": -0.033559683710336685,
          "13": 0.07554703950881958,
          "14": -0.035719871520996094,
          "15": -0.032569028437137604,
          "16": -0.0468968041241169,
          "17": 0.037446655333042145,
          "18": -0.05532466620206833,
          "19": 0.016937240958213806
        }
      },
      "transition": {
        "rows": 20,
        "columns": 20,
        "weights": {
          "0": -0.026678314432501793,
          "1": -0.008330995216965675,
          "2": 0.04172903299331665,
          "3": 0.025611678138375282,
          "4": -0.02739696577191353,
          "5": -0.055458538234233856,
          "6": 0.05666235461831093,
          "7": 0.04774029552936554,
          "8": 0.05903742089867592,
          "9": -0.049792639911174774,
          "10": 0.06590024381875992,
          "11": 0.05280900374054909,
          "12": 0.05279313772916794,
          "13": -0.008231188170611858,
          "14": -0.018107594922184944,
          "15": -0.030769558623433113,
          "16": 0.06593817472457886,
          "17": 0.06339070200920105,
          "18": 0.0693693533539772,
          "19": 0.026701126247644424,
          "20": 0.0726669430732727,
          "21": 0.04985145479440689,
          "22": 0.0005828200373798609,
          "23": 0.054921627044677734,
          "24": 0.04606238752603531,
          "25": -0.007202179171144962,
          "26": -0.04049219936132431,
          "27": 0.0679832473397255,
          "28": 0.05611616373062134,
          "29": -0.04447690770030022,
          "30": 0.03871368244290352,
          "31": -0.04366913437843323,
          "32": 0.06826350837945938,
          "33": 0.029469076544046402,
          "34": 0.030858894810080528,
          "35": 0.037897683680057526,
          "36": -0.055623602122068405,
          "37": -0.02620314061641693,
          "38": -0.037902627140283585,
          "39": 0.07850826531648636,
          "40": 0.07937265932559967,
          "41": 0.06596004962921143,
          "42": 0.009830237366259098,
          "43": -0.00015286478446796536,
          "44": 0.0019238274544477463,
          "45": -0.07569777965545654,
          "46": -0.07529257237911224,
          "47": -0.0235181525349617,
          "48": 0.003909121733158827,
          "49": 0.03594125434756279,
          "50": -0.019706573337316513,
          "51": 0.06983836740255356,
          "52": -0.041091542690992355,
          "53": -0.0024480370339006186,
          "54": 0.000016281981515930966,
          "55": -0.045646023005247116,
          "56": -0.05620161071419716,
          "57": 0.019068565219640732,
          "58": -0.009030626155436039,
          "59": 0.07933030277490616,
          "60": -0.04072792828083038,
          "61": 0.031163854524493217,
          "62": 0.07666422426700592,
          "63": 0.03086165152490139,
          "64": -0.045626021921634674,
          "65": 0.0714617446064949,
          "66": -0.009543276391923428,
          "67": -0.05945274606347084,
          "68": 0.03506716340780258,
          "69": 0.0644381120800972,
          "70": 0.06533081829547882,
          "71": 0.06749006360769272,
          "72": 0.025383807718753815,
          "73": -0.059460513293743134,
          "74": -0.040848709642887115,
          "75": 0.007891697809100151,
          "76": 0.0017256535356864333,
          "77": -0.048760198056697845,
          "78": -0.05450627580285072,
          "79": 0.05313202366232872,
          "80": -0.05470866709947586,
          "81": 0.06497099995613098,
          "82": -0.029512451961636543,
          "83": -0.0021652942523360252,
          "84": -0.02807883732020855,
          "85": 0.06251906603574753,
          "86": 0.0002333634183742106,
          "87": -0.037736035883426666,
          "88": -0.018385950475931168,
          "89": 0.04602401331067085,
          "90": 0.03051271289587021,
          "91": -0.03829048573970795,
          "92": -0.020550664514303207,
          "93": -0.0452846884727478,
          "94": 0.02453373372554779,
          "95": -0.019605349749326706,
          "96": 0.07521530240774155,
          "97": -0.0426800400018692,
          "98": 0.07583793252706528,
          "99": -0.016909010708332062,
          "100": 0.07359692454338074,
          "101": -0.07890529930591583,
          "102": -0.07267826050519943,
          "103": -0.01366355735808611,
          "104": 0.05558537691831589,
          "105": 0.00629701092839241,
          "106": 0.05073491483926773,
          "107": 0.0113155422732234,
          "108": -0.05682970955967903,
          "109": -0.015499081462621689,
          "110": 0.007006061729043722,
          "111": -0.07833027839660645,
          "112": -0.03180099278688431,
          "113": -0.03256811201572418,
          "114": 0.0764499083161354,
          "115": -0.05726708471775055,
          "116": 0.020907752215862274,
          "117": -0.07089508324861526,
          "118": -0.004327942617237568,
          "119": 0.059504587203264236,
          "120": 0.048508621752262115,
          "121": -0.004698543343693018,
          "122": -0.052596136927604675,
          "123": 0.035895757377147675,
          "124": 0.029115106910467148,
          "125": 0.07706458866596222,
          "126": 0.056032877415418625,
          "127": 0.04364714026451111,
          "128": 0.062117211520671844,
          "129": -0.07688087224960327,
          "130": -0.06808525323867798,
          "131": -0.01849735900759697,
          "132": -0.0707661509513855,
          "133": -0.022537510842084885,
          "134": 0.013291235081851482,
          "135": -0.019225232303142548,
          "136": 0.07652890682220459,
          "137": 0.010941562242805958,
          "138": -0.05320339649915695,
          "139": 0.03657340630888939,
          "140": -0.023676816374063492,
          "141": 0.055440519005060196,
          "142": -0.054709989577531815,
          "143": -0.07308639585971832,
          "144": 0.05557716637849808,
          "145": 0.027550991624593735,
          "146": -0.050173211842775345,
          "147": -0.07737242430448532,
          "148": -0.020112236961722374,
          "149": -0.05878960341215134,
          "150": -0.026234816759824753,
          "151": 0.07472724467515945,
          "152": 0.06827551871538162,
          "153": 0.02781357243657112,
          "154": -0.01137909758836031,
          "155": 0.04488016292452812,
          "156": -0.02498990297317505,
          "157": -0.038410838693380356,
          "158": -0.055920351296663284,
          "159": 0.0696839690208435,
          "160": 0.06412269920110703,
          "161": 0.02736932411789894,
          "162": -0.016881516203284264,
          "163": -0.07498590648174286,
          "164": -0.06348031759262085,
          "165": 0.05986602231860161,
          "166": 0.03858403116464615,
          "167": 0.049941737204790115,
          "168": 0.006702137179672718,
          "169": -0.02000599354505539,
          "170": -0.01984114944934845,
          "171": -0.005923624616116285,
          "172": 0.05075914412736893,